experiment,num_gene,num_sample,runtime,aupr,roc,aupr_init,roc_init
syntern/DAG1_d100_n100,100,100,41.000900983810425,0.16360172298975995,0.8513852323862539,0.07236394099263034,0.8035293162974471
